fmt,type,reserve_bit1       ,tc       ,reserve_bit2       ,attr1       ,reserve_bit3       ,th          ,td          ,ep          ,attr0       ,at          ,length      ,requester_id,tag         ,last_dw_be  ,first_dw_be ,completer_id,reserve_bit4,ext_register_number,register_number    ,reserve_bit5       ,payload            ,
0x0,0x4,0x0,0x0,0x0,0x0,0x0,0x0,0x0,0x0,0x0,0x0,0x1,0x68f9,0x3e,0x0,0x3,0x0,0x0,0xf,0x3f,0x0,0x0
0x0,0x4,0x0,0x0,0x0,0x0,0x0,0x0,0x0,0x0,0x0,0x0,0x1,0x7029,0xe6,0x0,0x3,0x0,0x0,0x0,0x0,0x0,0x0
0x0,0x4,0x0,0x0,0x0,0x0,0x0,0x0,0x0,0x0,0x0,0x0,0x1,0xe03e,0xaf,0x0,0x3,0x0,0x0,0x0,0x3f,0x0,0x0
0x0,0x5,0x0,0x0,0x0,0x0,0x0,0x0,0x0,0x0,0x0,0x0,0x1,0xea45,0xf7,0x0,0x3,0x0,0x0,0xf,0x0,0x0,0x0
0x0,0x5,0x0,0x0,0x0,0x0,0x0,0x0,0x0,0x0,0x0,0x0,0x1,0x4ce9,0xa2,0x0,0x3,0x0,0x0,0x0,0x3f,0x0,0x0
0x0,0x5,0x0,0x0,0x0,0x0,0x0,0x0,0x0,0x0,0x0,0x0,0x1,0x887c,0xd4,0x0,0x3,0x0,0x0,0xf,0x3f,0x0,0x0
0x2,0x5,0x0,0x0,0x0,0x0,0x0,0x0,0x0,0x0,0x0,0x0,0x1,0xc4d3,0xe7,0x0,0x3,0x0,0x0,0x0,0x3f,0x0,0xc74e6504
0x2,0x5,0x0,0x0,0x0,0x0,0x0,0x0,0x0,0x0,0x0,0x0,0x1,0x3061,0x16,0x0,0x3,0x0,0x0,0x0,0x0,0x0,0xaf7a8054
0x0,0x5,0x0,0x0,0x0,0x0,0x0,0x0,0x0,0x0,0x0,0x0,0x1,0x2f03,0x87,0x0,0x3,0x0,0x0,0x0,0x3f,0x0,0x0
0x2,0x5,0x0,0x0,0x0,0x0,0x0,0x0,0x0,0x0,0x0,0x0,0x1,0x5d09,0xe8,0x0,0x3,0x0,0x0,0x0,0x0,0x0,0xcaca1681
